<?xml version="1.0" encoding="utf-8"?>
<modification>
    <name>Cloud Translation API</name>
    <code>cloud_translation_api</code>
    <description>Cloud Translation API in OpenCart 3.x</description>
    <version>1.0.0</version>
    <author>Dmytro Tsatsenkin</author>
    <link>https://t.me/DmytroTsatsenkin</link>
    
    <file path="admin/controller/catalog/product.php">
        <operation error="skip">
            <search><![CDATA[public function autocomplete]]></search>
            <add position="before"><![CDATA[
        public function translateProduct() {
            $this->load->language('catalog/product');
            
            $json = array();
            
            if (!$this->user->hasPermission('modify', 'catalog/product')) {
                $json['error'] = $this->language->get('error_permission');
            } else {
                if (isset($this->request->post['product_id']) && isset($this->request->post['source']) && isset($this->request->post['target']) && isset($this->request->post['translate_field'])) {
                    $product_id = $this->request->post['product_id'];
                    $source_language = substr($this->request->post['source'], 0, 2);
                    $target_language = substr($this->request->post['target'], 0, 2);
                    $translate_field = $this->request->post['translate_field'];
                    
                    $this->load->model('catalog/product');
                    $product_info = $this->model_catalog_product->getProduct($product_id);
                    
                    if ($product_info) {
                        $this->load->model('extension/module/oc_translate');
                        
                        if ($translate_field === 'name') {
							$translated_name = $this->model_extension_module_oc_translate->translate(strip_tags($product_info['name']), $source_language, $target_language);
                            
                            if ($translated_name) {
                                $json['success'] = array(
                                    'name' => strip_tags(html_entity_decode($translated_name, ENT_QUOTES, 'UTF-8')),
                                    'message' => $this->language->get('text_translation_success_name')
                                );
                            } else {
                                $json['error'] = $this->language->get('error_translate_name');
                            }
                        } elseif ($translate_field === 'description') {
                            $translated_description = $this->model_extension_module_oc_translate->translate(strip_tags($product_info['description']), $source_language, $target_language);
                            
                            if ($translated_description) {
                                $json['success'] = array(
                                    'description' => html_entity_decode($translated_description, ENT_QUOTES, 'UTF-8'),
                                    'message' => $this->language->get('text_translation_success_description')
                                );
                            } else {
                                $json['error'] = $this->language->get('error_translate_description');
                            }
                        } else {
                            $json['error'] = $this->language->get('error_invalid_field');
                        }
                    } else {
                        $json['error'] = $this->language->get('error_product_not_found');
                    }
                } else {
                    $json['error'] = $this->language->get('error_invalid_params');
                }
            }
            
            $this->response->addHeader('Content-Type: application/json');
            $this->response->setOutput(json_encode($json));
        }
            ]]></add>
        </operation>
    </file>
    
    <file path="admin/view/template/catalog/product_form.twig">
        <operation error="skip">
            <search><![CDATA[<input type="text" name="product_description[{{ language.language_id }}][name]" value="{{ product_description[language.language_id] ? product_description[language.language_id].name }}" placeholder="{{ entry_name }}" id="input-name{{ language.language_id }}" class="form-control"/>]]></search>
            <add position="after"><![CDATA[
                {% if languages|length == 1 %}
                    <div class="input-group mt-2" style="display: flex; align-items: flex-start; gap: 10px; flex-wrap: nowrap;">
                        <div style="display: flex; flex-direction: column; align-items: flex-start;">
                            <label for="source-language{{ language.language_id }}" style="font-size: 12px; margin-bottom: 2px;">{{ column_from_what_lang }}</label>
                            <select class="form-control form-control-sm source-language" id="source-language{{ language.language_id }}" name="source_language" style="width: 150px;">
                                {% for lang in languages %}
                                    <option value="{{ lang.code }}" {% if lang.code == language.code %}selected{% endif %}>{{ lang.name }}</option>
                                {% endfor %}
                            </select>
                        </div>
                        <div style="display: flex; flex-direction: column; align-items: flex-start;">
                            <label for="target-language{{ language.language_id }}" style="font-size: 12px; margin-bottom: 2px;">{{ column_into_what_lang }}</label>
                            <select class="form-control form-control-sm target-language" id="target-language{{ language.language_id }}" name="target_language" style="width: 150px;">
                                <option value="uk-ua">Українська</option>
                                <option value="en-gb">English</option>
                                <option value="ru-ru">Русский</option>
                            </select>
                        </div>
                        <div style="display: flex; align-items: flex-end; margin-top: 20px;">
                            <button type="button" class="btn btn-success btn-sm btn-translate-action" data-action="name" data-language-id="{{ language.language_id }}" style="height: 38px;">
                                {{ button_translate }}
                            </button>
                        </div>
                    </div>
                {% else %}
                    <div class="input-group mt-2" style="display: flex; align-items: flex-start; gap: 10px; flex-wrap: nowrap;">
                        <div style="display: flex; flex-direction: column; align-items: flex-start;">
                            <label for="source-language{{ language.language_id }}" style="font-size: 12px; margin-bottom: 2px;">{{ column_from_what_lang }}</label>
                            <select class="form-control form-control-sm source-language" id="source-language{{ language.language_id }}" name="source_language" style="width: 150px;">
                                {% for lang in languages %}
                                    <option value="{{ lang.code }}" {% if lang.code == language.code %}selected{% endif %}>{{ lang.name }}</option>
                                {% endfor %}
                            </select>
                        </div>
                        <div style="display: flex; flex-direction: column; align-items: flex-start;">
                            <label for="target-language{{ language.language_id }}" style="font-size: 12px; margin-bottom: 2px;">{{ column_into_what_lang }}</label>
                            <select class="form-control form-control-sm target-language" id="target-language{{ language.language_id }}" name="target_language" style="width: 150px;">
                                {% for lang in languages %}
                                    {% if lang.code != language.code %}
                                        <option value="{{ lang.code }}">{{ lang.name }}</option>
                                    {% endif %}
                                {% endfor %}
                            </select>
                        </div>
                        <div style="display: flex; align-items: flex-end; margin-top: 20px;">
                            <button type="button" class="btn btn-success btn-sm btn-translate-action" data-action="name" data-language-id="{{ language.language_id }}" style="height: 38px;">
                                {{ button_translate }}
                            </button>
                        </div>
                    </div>
                {% endif %}
            ]]></add>
        </operation>
        
        <operation error="skip">
            <search><![CDATA[<textarea name="product_description[{{ language.language_id }}][description]" placeholder="{{ entry_description }}" id="input-description{{ language.language_id }}" data-toggle="summernote" data-lang="{{ summernote }}" class="form-control">{{ product_description[language.language_id] ? product_description[language.language_id].description }}</textarea>]]></search>
            <add position="after"><![CDATA[
                {% if languages|length == 1 %}
                    <div class="input-group mt-2" style="display: flex; align-items: flex-start; gap: 10px; flex-wrap: nowrap;">
                        <div style="display: flex; flex-direction: column; align-items: flex-start;">
                            <label for="source-language{{ language.language_id }}" style="font-size: 12px; margin-bottom: 2px;">{{ column_from_what_lang }}</label>
                            <select class="form-control form-control-sm source-language" id="source-language{{ language.language_id }}" name="source_language" style="width: 150px;">
                                {% for lang in languages %}
                                    <option value="{{ lang.code }}" {% if lang.code == language.code %}selected{% endif %}>{{ lang.name }}</option>
                                {% endfor %}
                            </select>
                        </div>
                        <div style="display: flex; flex-direction: column; align-items: flex-start;">
                            <label for="target-language{{ language.language_id }}" style="font-size: 12px; margin-bottom: 2px;">{{ column_into_what_lang }}</label>
                            <select class="form-control form-control-sm target-language" id="target-language{{ language.language_id }}" name="target_language" style="width: 150px;">
                                <option value="uk-ua">Українська</option>
                                <option value="en-gb">English</option>
                                <option value="ru-ru">Русский</option>
                            </select>
                        </div>
                        <div style="display: flex; align-items: flex-end; margin-top: 20px;">
                            <button type="button" class="btn btn-success btn-sm btn-translate-action" data-action="description" data-language-id="{{ language.language_id }}" style="height: 38px;">
                                {{ button_translate }}
                            </button>
                        </div>
                    </div>
                {% else %}
                    <div class="input-group mt-2" style="display: flex; align-items: flex-start; gap: 10px; flex-wrap: nowrap;">
                        <div style="display: flex; flex-direction: column; align-items: flex-start;">
                            <label for="source-language{{ language.language_id }}" style="font-size: 12px; margin-bottom: 2px;">{{ column_from_what_lang }}</label>
                            <select class="form-control form-control-sm source-language" id="source-language{{ language.language_id }}" name="source_language" style="width: 150px;">
                                {% for lang in languages %}
                                    <option value="{{ lang.code }}" {% if lang.code == language.code %}selected{% endif %}>{{ lang.name }}</option>
                                {% endfor %}
                            </select>
                        </div>
                        <div style="display: flex; flex-direction: column; align-items: flex-start;">
                            <label for="target-language{{ language.language_id }}" style="font-size: 12px; margin-bottom: 2px;">{{ column_into_what_lang }}</label>
                            <select class="form-control form-control-sm target-language" id="target-language{{ language.language_id }}" name="target_language" style="width: 150px;">
                                {% for lang in languages %}
                                    {% if lang.code != language.code %}
                                        <option value="{{ lang.code }}">{{ lang.name }}</option>
                                    {% endif %}
                                {% endfor %}
                            </select>
                        </div>
                        <div style="display: flex; align-items: flex-end; margin-top: 20px;">
                            <button type="button" class="btn btn-success btn-sm btn-translate-action" data-action="description" data-language-id="{{ language.language_id }}" style="height: 38px;">
                                {{ button_translate }}
                            </button>
                        </div>
                    </div>
                {% endif %}
            ]]></add>
        </operation>
        
        <operation error="skip">
            <search><![CDATA[<script type="text/javascript" src="view/javascript/summernote/opencart.js"></script>]]></search>
            <add position="after"><![CDATA[
                <script type="text/javascript">
                    $(document).ready(function(){
                        $('.btn-translate-action').on('click', function() {
                            var button = $(this);
    
							var actionUrl = $('#form-product').attr('action');
                            var product_id = getParameterByName('product_id', actionUrl);
                            var language_id = button.data('language-id');
                            var action_type = button.data('action');
                            var source_lang = button.closest('.input-group').find('.source-language').val();
                            var target_lang = button.closest('.input-group').find('.target-language').val();
    
                            var data = {
                                product_id: product_id,
                                source: source_lang,
                                target: target_lang
                            };
    
                            if (action_type === 'name') {
                                data['translate_field'] = 'name';
                            } else if (action_type === 'description') {
                                data['translate_field'] = 'description';
                            }
    
                            $.ajax({
                                url: 'index.php?route=catalog/product/translateProduct&user_token={{ user_token }}',
                                type: 'post',
                                data: data,
                                dataType: 'json',
                                beforeSend: function(){
                                    button.prop('disabled', true).text('{{ button_translate }}...');
                                },
                                success: function(json) {
                                    if (json['error']) {
                                        alert(json['error']);
                                    }
                                    if (json['success']) {
                                        if (action_type === 'name') {
                                            $('#input-name' + language_id).val(json['success']['name']);
                                        } else if (action_type === 'description') {
                                            if (typeof CKEDITOR !== 'undefined') {
                                                CKEDITOR.instances['input-description' + language_id].setData(json['success']['description']);
                                            } else {
                                                $('#input-description' + language_id).next('.note-editor').find('.note-editable').html(json['success']['description']);
                                                $('#input-description' + language_id).text(json['success']['description']);
                                            }
                                        }
                                        alert(json['success']['message']);
                                    }
                                },
                                complete: function(){
                                    button.prop('disabled', false).text('{{ button_translate }}');
                                },
                                error: function(xhr, status, error){
                                    alert('Произошла ошибка при переводе: ' + error);
                                    button.prop('disabled', false).text('{{ button_translate }}');
                                }
                            });
                        });
                    });
					
					function getParameterByName(name, url) {
						if (!url) url = window.location.href;
						name = name.replace(/[\[\]]/g, '\\$&');
						var regex = new RegExp('[?&]' + name + '(=([^&#]*)|&|#|$)'),
							results = regex.exec(url);
						if (!results) return null;
						if (!results[2]) return '';
						return decodeURIComponent(results[2].replace(/\+/g, ' '));
					}
	
                </script>
            ]]></add>
        </operation>
    </file>
    
    <file path="admin/language/uk-ua/catalog/product.php">
        <operation error="skip">
            <search><![CDATA[$_['column_name'] = 'Назва товару';]]></search>
            <add position="before"><![CDATA[
        $_['button_translate'] = 'Перевод';
        $_['column_from_what_lang'] = 'З якої мови';
        $_['column_into_what_lang'] = 'На яку мову';
        $_['error_product_not_found'] = 'Продукт не знайдено.';
        $_['error_invalid_params']    = 'Неправильні параметри.';
        $_['error_translation']       = 'Не вдалося здійснити переклад.';
        $_['error_translate_name']    = 'Не вдалося здійснити переклад назви.';
        $_['error_translate_description'] = 'Не вдалося здійснити переклад опису.';
        $_['error_invalid_field']     = 'Неправильне поле для перекладу.';
        $_['text_translation_success_name'] = 'Назва успішно перекладена!';
        $_['text_translation_success_description'] = 'Опис успішно перекладено!';
            ]]></add>
        </operation>
    </file>
    
    <file path="admin/language/en-gb/catalog/product.php">
        <operation error="skip">
            <search><![CDATA[$_['column_name']            = 'Product Name';]]></search>
            <add position="before"><![CDATA[
        $_['button_translate'] = 'Translate';
        $_['column_from_what_lang'] = 'From which language?';
        $_['column_into_what_lang'] = 'In what language?';
        $_['error_product_not_found'] = 'Product not found.';
        $_['error_invalid_params']    = 'Incorrect parameters.';
        $_['error_translation']       = 'Translation failed.';
        $_['error_translate_name']    = 'Failed to translate name.';
        $_['error_translate_description'] = 'Failed to translate the description.';
        $_['error_invalid_field']     = 'Invalid field for translation.';
        $_['text_translation_success_name'] = 'The title has been successfully translated!';
        $_['text_translation_success_description'] = 'Description successfully translated!';
            ]]></add>
        </operation>
    </file>
</modification>